"Kod";"Nazwa";"styczeń;mięso wieprzowe z kością (schab środkowy) - za 1kg;cena;2006;[zł]";"styczeń;mięso wieprzowe z kością (schab środkowy) - za 1kg;cena;2007;[zł]";"styczeń;mięso wieprzowe z kością (schab środkowy) - za 1kg;cena;2008;[zł]";"styczeń;mięso wieprzowe z kością (schab środkowy) - za 1kg;cena;2009;[zł]";"styczeń;mięso wieprzowe z kością (schab środkowy) - za 1kg;cena;2010;[zł]";"styczeń;mięso wieprzowe z kością (schab środkowy) - za 1kg;cena;2011;[zł]";"styczeń;mięso wieprzowe z kością (schab środkowy) - za 1kg;cena;2012;[zł]";"styczeń;mięso wieprzowe z kością (schab środkowy) - za 1kg;cena;2013;[zł]";"styczeń;mięso wieprzowe z kością (schab środkowy) - za 1kg;cena;2014;[zł]";"styczeń;mięso wieprzowe z kością (schab środkowy) - za 1kg;cena;2015;[zł]";"styczeń;mięso wieprzowe z kością (schab środkowy) - za 1kg;cena;2016;[zł]";"styczeń;mięso wieprzowe z kością (schab środkowy) - za 1kg;cena;2017;[zł]";"styczeń;mięso wieprzowe z kością (schab środkowy) - za 1kg;cena;2018;[zł]";"styczeń;mięso wieprzowe z kością (schab środkowy) - za 1kg;cena;2019;[zł]";"luty;mięso wieprzowe z kością (schab środkowy) - za 1kg;cena;2006;[zł]";"luty;mięso wieprzowe z kością (schab środkowy) - za 1kg;cena;2007;[zł]";"luty;mięso wieprzowe z kością (schab środkowy) - za 1kg;cena;2008;[zł]";"luty;mięso wieprzowe z kością (schab środkowy) - za 1kg;cena;2009;[zł]";"luty;mięso wieprzowe z kością (schab środkowy) - za 1kg;cena;2010;[zł]";"luty;mięso wieprzowe z kością (schab środkowy) - za 1kg;cena;2011;[zł]";"luty;mięso wieprzowe z kością (schab środkowy) - za 1kg;cena;2012;[zł]";"luty;mięso wieprzowe z kością (schab środkowy) - za 1kg;cena;2013;[zł]";"luty;mięso wieprzowe z kością (schab środkowy) - za 1kg;cena;2014;[zł]";"luty;mięso wieprzowe z kością (schab środkowy) - za 1kg;cena;2015;[zł]";"luty;mięso wieprzowe z kością (schab środkowy) - za 1kg;cena;2016;[zł]";"luty;mięso wieprzowe z kością (schab środkowy) - za 1kg;cena;2017;[zł]";"luty;mięso wieprzowe z kością (schab środkowy) - za 1kg;cena;2018;[zł]";"luty;mięso wieprzowe z kością (schab środkowy) - za 1kg;cena;2019;[zł]";"marzec;mięso wieprzowe z kością (schab środkowy) - za 1kg;cena;2006;[zł]";"marzec;mięso wieprzowe z kością (schab środkowy) - za 1kg;cena;2007;[zł]";"marzec;mięso wieprzowe z kością (schab środkowy) - za 1kg;cena;2008;[zł]";"marzec;mięso wieprzowe z kością (schab środkowy) - za 1kg;cena;2009;[zł]";"marzec;mięso wieprzowe z kością (schab środkowy) - za 1kg;cena;2010;[zł]";"marzec;mięso wieprzowe z kością (schab środkowy) - za 1kg;cena;2011;[zł]";"marzec;mięso wieprzowe z kością (schab środkowy) - za 1kg;cena;2012;[zł]";"marzec;mięso wieprzowe z kością (schab środkowy) - za 1kg;cena;2013;[zł]";"marzec;mięso wieprzowe z kością (schab środkowy) - za 1kg;cena;2014;[zł]";"marzec;mięso wieprzowe z kością (schab środkowy) - za 1kg;cena;2015;[zł]";"marzec;mięso wieprzowe z kością (schab środkowy) - za 1kg;cena;2016;[zł]";"marzec;mięso wieprzowe z kością (schab środkowy) - za 1kg;cena;2017;[zł]";"marzec;mięso wieprzowe z kością (schab środkowy) - za 1kg;cena;2018;[zł]";"marzec;mięso wieprzowe z kością (schab środkowy) - za 1kg;cena;2019;[zł]";"kwiecień;mięso wieprzowe z kością (schab środkowy) - za 1kg;cena;2006;[zł]";"kwiecień;mięso wieprzowe z kością (schab środkowy) - za 1kg;cena;2007;[zł]";"kwiecień;mięso wieprzowe z kością (schab środkowy) - za 1kg;cena;2008;[zł]";"kwiecień;mięso wieprzowe z kością (schab środkowy) - za 1kg;cena;2009;[zł]";"kwiecień;mięso wieprzowe z kością (schab środkowy) - za 1kg;cena;2010;[zł]";"kwiecień;mięso wieprzowe z kością (schab środkowy) - za 1kg;cena;2011;[zł]";"kwiecień;mięso wieprzowe z kością (schab środkowy) - za 1kg;cena;2012;[zł]";"kwiecień;mięso wieprzowe z kością (schab środkowy) - za 1kg;cena;2013;[zł]";"kwiecień;mięso wieprzowe z kością (schab środkowy) - za 1kg;cena;2014;[zł]";"kwiecień;mięso wieprzowe z kością (schab środkowy) - za 1kg;cena;2015;[zł]";"kwiecień;mięso wieprzowe z kością (schab środkowy) - za 1kg;cena;2016;[zł]";"kwiecień;mięso wieprzowe z kością (schab środkowy) - za 1kg;cena;2017;[zł]";"kwiecień;mięso wieprzowe z kością (schab środkowy) - za 1kg;cena;2018;[zł]";"kwiecień;mięso wieprzowe z kością (schab środkowy) - za 1kg;cena;2019;[zł]";"maj;mięso wieprzowe z kością (schab środkowy) - za 1kg;cena;2006;[zł]";"maj;mięso wieprzowe z kością (schab środkowy) - za 1kg;cena;2007;[zł]";"maj;mięso wieprzowe z kością (schab środkowy) - za 1kg;cena;2008;[zł]";"maj;mięso wieprzowe z kością (schab środkowy) - za 1kg;cena;2009;[zł]";"maj;mięso wieprzowe z kością (schab środkowy) - za 1kg;cena;2010;[zł]";"maj;mięso wieprzowe z kością (schab środkowy) - za 1kg;cena;2011;[zł]";"maj;mięso wieprzowe z kością (schab środkowy) - za 1kg;cena;2012;[zł]";"maj;mięso wieprzowe z kością (schab środkowy) - za 1kg;cena;2013;[zł]";"maj;mięso wieprzowe z kością (schab środkowy) - za 1kg;cena;2014;[zł]";"maj;mięso wieprzowe z kością (schab środkowy) - za 1kg;cena;2015;[zł]";"maj;mięso wieprzowe z kością (schab środkowy) - za 1kg;cena;2016;[zł]";"maj;mięso wieprzowe z kością (schab środkowy) - za 1kg;cena;2017;[zł]";"maj;mięso wieprzowe z kością (schab środkowy) - za 1kg;cena;2018;[zł]";"maj;mięso wieprzowe z kością (schab środkowy) - za 1kg;cena;2019;[zł]";"czerwiec;mięso wieprzowe z kością (schab środkowy) - za 1kg;cena;2006;[zł]";"czerwiec;mięso wieprzowe z kością (schab środkowy) - za 1kg;cena;2007;[zł]";"czerwiec;mięso wieprzowe z kością (schab środkowy) - za 1kg;cena;2008;[zł]";"czerwiec;mięso wieprzowe z kością (schab środkowy) - za 1kg;cena;2009;[zł]";"czerwiec;mięso wieprzowe z kością (schab środkowy) - za 1kg;cena;2010;[zł]";"czerwiec;mięso wieprzowe z kością (schab środkowy) - za 1kg;cena;2011;[zł]";"czerwiec;mięso wieprzowe z kością (schab środkowy) - za 1kg;cena;2012;[zł]";"czerwiec;mięso wieprzowe z kością (schab środkowy) - za 1kg;cena;2013;[zł]";"czerwiec;mięso wieprzowe z kością (schab środkowy) - za 1kg;cena;2014;[zł]";"czerwiec;mięso wieprzowe z kością (schab środkowy) - za 1kg;cena;2015;[zł]";"czerwiec;mięso wieprzowe z kością (schab środkowy) - za 1kg;cena;2016;[zł]";"czerwiec;mięso wieprzowe z kością (schab środkowy) - za 1kg;cena;2017;[zł]";"czerwiec;mięso wieprzowe z kością (schab środkowy) - za 1kg;cena;2018;[zł]";"czerwiec;mięso wieprzowe z kością (schab środkowy) - za 1kg;cena;2019;[zł]";"lipiec;mięso wieprzowe z kością (schab środkowy) - za 1kg;cena;2006;[zł]";"lipiec;mięso wieprzowe z kością (schab środkowy) - za 1kg;cena;2007;[zł]";"lipiec;mięso wieprzowe z kością (schab środkowy) - za 1kg;cena;2008;[zł]";"lipiec;mięso wieprzowe z kością (schab środkowy) - za 1kg;cena;2009;[zł]";"lipiec;mięso wieprzowe z kością (schab środkowy) - za 1kg;cena;2010;[zł]";"lipiec;mięso wieprzowe z kością (schab środkowy) - za 1kg;cena;2011;[zł]";"lipiec;mięso wieprzowe z kością (schab środkowy) - za 1kg;cena;2012;[zł]";"lipiec;mięso wieprzowe z kością (schab środkowy) - za 1kg;cena;2013;[zł]";"lipiec;mięso wieprzowe z kością (schab środkowy) - za 1kg;cena;2014;[zł]";"lipiec;mięso wieprzowe z kością (schab środkowy) - za 1kg;cena;2015;[zł]";"lipiec;mięso wieprzowe z kością (schab środkowy) - za 1kg;cena;2016;[zł]";"lipiec;mięso wieprzowe z kością (schab środkowy) - za 1kg;cena;2017;[zł]";"lipiec;mięso wieprzowe z kością (schab środkowy) - za 1kg;cena;2018;[zł]";"lipiec;mięso wieprzowe z kością (schab środkowy) - za 1kg;cena;2019;[zł]";"sierpień;mięso wieprzowe z kością (schab środkowy) - za 1kg;cena;2006;[zł]";"sierpień;mięso wieprzowe z kością (schab środkowy) - za 1kg;cena;2007;[zł]";"sierpień;mięso wieprzowe z kością (schab środkowy) - za 1kg;cena;2008;[zł]";"sierpień;mięso wieprzowe z kością (schab środkowy) - za 1kg;cena;2009;[zł]";"sierpień;mięso wieprzowe z kością (schab środkowy) - za 1kg;cena;2010;[zł]";"sierpień;mięso wieprzowe z kością (schab środkowy) - za 1kg;cena;2011;[zł]";"sierpień;mięso wieprzowe z kością (schab środkowy) - za 1kg;cena;2012;[zł]";"sierpień;mięso wieprzowe z kością (schab środkowy) - za 1kg;cena;2013;[zł]";"sierpień;mięso wieprzowe z kością (schab środkowy) - za 1kg;cena;2014;[zł]";"sierpień;mięso wieprzowe z kością (schab środkowy) - za 1kg;cena;2015;[zł]";"sierpień;mięso wieprzowe z kością (schab środkowy) - za 1kg;cena;2016;[zł]";"sierpień;mięso wieprzowe z kością (schab środkowy) - za 1kg;cena;2017;[zł]";"sierpień;mięso wieprzowe z kością (schab środkowy) - za 1kg;cena;2018;[zł]";"sierpień;mięso wieprzowe z kością (schab środkowy) - za 1kg;cena;2019;[zł]";"wrzesień;mięso wieprzowe z kością (schab środkowy) - za 1kg;cena;2006;[zł]";"wrzesień;mięso wieprzowe z kością (schab środkowy) - za 1kg;cena;2007;[zł]";"wrzesień;mięso wieprzowe z kością (schab środkowy) - za 1kg;cena;2008;[zł]";"wrzesień;mięso wieprzowe z kością (schab środkowy) - za 1kg;cena;2009;[zł]";"wrzesień;mięso wieprzowe z kością (schab środkowy) - za 1kg;cena;2010;[zł]";"wrzesień;mięso wieprzowe z kością (schab środkowy) - za 1kg;cena;2011;[zł]";"wrzesień;mięso wieprzowe z kością (schab środkowy) - za 1kg;cena;2012;[zł]";"wrzesień;mięso wieprzowe z kością (schab środkowy) - za 1kg;cena;2013;[zł]";"wrzesień;mięso wieprzowe z kością (schab środkowy) - za 1kg;cena;2014;[zł]";"wrzesień;mięso wieprzowe z kością (schab środkowy) - za 1kg;cena;2015;[zł]";"wrzesień;mięso wieprzowe z kością (schab środkowy) - za 1kg;cena;2016;[zł]";"wrzesień;mięso wieprzowe z kością (schab środkowy) - za 1kg;cena;2017;[zł]";"wrzesień;mięso wieprzowe z kością (schab środkowy) - za 1kg;cena;2018;[zł]";"wrzesień;mięso wieprzowe z kością (schab środkowy) - za 1kg;cena;2019;[zł]";"październik;mięso wieprzowe z kością (schab środkowy) - za 1kg;cena;2006;[zł]";"październik;mięso wieprzowe z kością (schab środkowy) - za 1kg;cena;2007;[zł]";"październik;mięso wieprzowe z kością (schab środkowy) - za 1kg;cena;2008;[zł]";"październik;mięso wieprzowe z kością (schab środkowy) - za 1kg;cena;2009;[zł]";"październik;mięso wieprzowe z kością (schab środkowy) - za 1kg;cena;2010;[zł]";"październik;mięso wieprzowe z kością (schab środkowy) - za 1kg;cena;2011;[zł]";"październik;mięso wieprzowe z kością (schab środkowy) - za 1kg;cena;2012;[zł]";"październik;mięso wieprzowe z kością (schab środkowy) - za 1kg;cena;2013;[zł]";"październik;mięso wieprzowe z kością (schab środkowy) - za 1kg;cena;2014;[zł]";"październik;mięso wieprzowe z kością (schab środkowy) - za 1kg;cena;2015;[zł]";"październik;mięso wieprzowe z kością (schab środkowy) - za 1kg;cena;2016;[zł]";"październik;mięso wieprzowe z kością (schab środkowy) - za 1kg;cena;2017;[zł]";"październik;mięso wieprzowe z kością (schab środkowy) - za 1kg;cena;2018;[zł]";"październik;mięso wieprzowe z kością (schab środkowy) - za 1kg;cena;2019;[zł]";"listopad;mięso wieprzowe z kością (schab środkowy) - za 1kg;cena;2006;[zł]";"listopad;mięso wieprzowe z kością (schab środkowy) - za 1kg;cena;2007;[zł]";"listopad;mięso wieprzowe z kością (schab środkowy) - za 1kg;cena;2008;[zł]";"listopad;mięso wieprzowe z kością (schab środkowy) - za 1kg;cena;2009;[zł]";"listopad;mięso wieprzowe z kością (schab środkowy) - za 1kg;cena;2010;[zł]";"listopad;mięso wieprzowe z kością (schab środkowy) - za 1kg;cena;2011;[zł]";"listopad;mięso wieprzowe z kością (schab środkowy) - za 1kg;cena;2012;[zł]";"listopad;mięso wieprzowe z kością (schab środkowy) - za 1kg;cena;2013;[zł]";"listopad;mięso wieprzowe z kością (schab środkowy) - za 1kg;cena;2014;[zł]";"listopad;mięso wieprzowe z kością (schab środkowy) - za 1kg;cena;2015;[zł]";"listopad;mięso wieprzowe z kością (schab środkowy) - za 1kg;cena;2016;[zł]";"listopad;mięso wieprzowe z kością (schab środkowy) - za 1kg;cena;2017;[zł]";"listopad;mięso wieprzowe z kością (schab środkowy) - za 1kg;cena;2018;[zł]";"listopad;mięso wieprzowe z kością (schab środkowy) - za 1kg;cena;2019;[zł]";"grudzień;mięso wieprzowe z kością (schab środkowy) - za 1kg;cena;2006;[zł]";"grudzień;mięso wieprzowe z kością (schab środkowy) - za 1kg;cena;2007;[zł]";"grudzień;mięso wieprzowe z kością (schab środkowy) - za 1kg;cena;2008;[zł]";"grudzień;mięso wieprzowe z kością (schab środkowy) - za 1kg;cena;2009;[zł]";"grudzień;mięso wieprzowe z kością (schab środkowy) - za 1kg;cena;2010;[zł]";"grudzień;mięso wieprzowe z kością (schab środkowy) - za 1kg;cena;2011;[zł]";"grudzień;mięso wieprzowe z kością (schab środkowy) - za 1kg;cena;2012;[zł]";"grudzień;mięso wieprzowe z kością (schab środkowy) - za 1kg;cena;2013;[zł]";"grudzień;mięso wieprzowe z kością (schab środkowy) - za 1kg;cena;2014;[zł]";"grudzień;mięso wieprzowe z kością (schab środkowy) - za 1kg;cena;2015;[zł]";"grudzień;mięso wieprzowe z kością (schab środkowy) - za 1kg;cena;2016;[zł]";"grudzień;mięso wieprzowe z kością (schab środkowy) - za 1kg;cena;2017;[zł]";"grudzień;mięso wieprzowe z kością (schab środkowy) - za 1kg;cena;2018;[zł]";"grudzień;mięso wieprzowe z kością (schab środkowy) - za 1kg;cena;2019;[zł]";
0000000;"POLSKA";12,93;13,09;14,13;14,94;14,25;13,92;15,51;15,84;15,43;14,34;13,69;;;;12,61;12,75;13,70;14,69;13,70;13,57;15,39;15,27;15,01;13,98;13,65;;;;12,29;12,70;13,83;15,03;13,51;13,73;15,20;15,16;14,53;14,02;13,49;;;;12,46;12,77;13,90;15,50;13,46;14,04;15,27;15,21;14,76;14,07;13,55;;;;12,53;12,78;14,26;15,58;13,38;14,46;15,21;15,13;15,02;13,96;13,62;;;;12,45;12,87;14,94;15,63;13,85;14,35;15,61;15,16;15,03;13,81;13,89;;;;13,05;13,88;14,93;15,88;13,97;14,54;15,60;15,47;15,23;13,84;14,25;;;;13,74;14,11;15,00;15,76;14,08;14,64;15,60;15,62;15,08;13,89;14,46;;;;14,28;14,43;15,09;15,60;14,08;14,73;16,02;16,06;14,93;14,00;14,50;;;;13,98;14,28;14,89;15,05;13,86;14,91;16,09;15,73;14,59;14,09;14,57;;;;13,61;13,81;14,61;14,53;13,66;15,01;16,03;15,57;14,50;13,98;14,41;;;;13,21;13,69;14,62;14,24;13,68;15,34;15,96;15,51;14,28;13,79;14,61;;;;
0200000;"DOLNOŚLĄSKIE";12,27;12,62;13,36;14,87;13,91;13,88;15,67;15,91;15,69;15,19;14,44;;;;11,83;12,40;13,36;14,34;13,11;13,82;15,47;15,21;15,48;14,62;14,31;;;;11,48;12,42;13,42;14,79;13,00;14,13;15,32;15,21;14,52;14,48;14,07;;;;11,70;12,61;13,25;15,63;13,39;13,97;15,41;14,97;14,50;14,65;14,14;;;;12,11;12,56;13,75;15,56;13,29;14,80;15,31;15,22;14,87;14,34;14,29;;;;12,16;12,38;14,65;15,68;13,46;14,54;15,71;15,25;14,83;14,35;14,38;;;;12,91;13,22;14,80;15,88;13,76;14,56;15,74;15,58;15,33;14,31;14,69;;;;13,71;13,56;14,94;15,81;13,49;14,63;15,83;15,72;15,25;14,29;15,06;;;;14,21;14,22;15,17;15,53;13,82;14,83;16,18;16,25;15,33;14,46;15,29;;;;13,74;13,83;14,80;15,02;13,75;15,20;16,28;16,00;15,14;14,57;15,33;;;;13,52;13,31;14,37;13,89;13,41;15,29;16,21;15,83;15,18;14,57;15,34;;;;13,11;13,07;14,47;13,73;13,55;15,51;16,04;15,57;14,96;14,43;15,09;;;;
0400000;"KUJAWSKO-POMORSKIE";11,86;12,15;13,81;14,30;13,51;13,41;15,17;15,31;15,31;14,17;12,88;;;;11,67;11,45;13,00;13,84;13,18;13,10;14,72;14,95;15,15;14,05;12,96;;;;11,37;11,60;13,62;14,25;12,86;13,40;14,73;14,80;14,46;14,19;13,27;;;;11,74;11,89;13,84;14,97;12,76;13,36;14,46;14,91;14,36;14,06;13,30;;;;11,89;11,99;14,04;15,13;12,95;13,80;14,70;14,61;14,87;14,09;13,60;;;;11,68;12,41;15,21;15,33;13,27;13,63;15,23;14,93;14,82;13,59;13,79;;;;12,58;13,68;14,68;15,58;13,15;13,70;15,23;14,89;15,13;13,27;13,96;;;;13,77;13,98;14,90;15,61;13,21;14,03;15,02;15,77;14,76;13,27;14,45;;;;13,74;14,41;14,99;14,61;13,65;14,03;15,71;15,80;14,79;13,35;14,46;;;;13,38;13,41;14,36;14,14;12,79;14,12;15,83;15,59;14,05;13,56;14,33;;;;12,73;13,31;13,79;14,17;13,09;14,25;15,90;15,37;14,02;13,60;13,98;;;;12,16;12,95;14,06;13,63;13,14;14,81;15,48;15,45;13,67;13,26;14,06;;;;
0600000;"LUBELSKIE";13,78;13,58;15,59;15,30;14,52;14,68;15,76;16,67;16,11;14,83;13,44;;;;13,83;13,26;15,21;14,93;14,18;14,48;15,20;16,26;15,91;14,54;13,65;;;;13,13;13,61;14,98;15,04;13,89;15,06;15,23;16,00;15,32;14,56;13,57;;;;13,23;13,59;15,69;15,43;13,83;15,15;15,39;16,21;15,59;14,56;13,51;;;;13,39;13,77;16,30;15,56;13,69;15,14;15,31;16,29;15,87;14,65;13,73;;;;13,29;14,04;16,61;15,63;14,02;15,15;15,92;16,22;15,76;14,49;13,77;;;;13,72;14,27;16,78;15,79;14,11;15,21;15,89;16,34;15,69;14,49;13,77;;;;13,90;14,63;15,16;15,28;14,86;15,34;16,08;16,16;15,51;14,72;13,83;;;;14,63;15,14;15,11;15,35;14,82;15,70;16,15;16,64;15,27;14,46;14,02;;;;14,39;15,51;15,16;14,94;14,56;15,63;16,46;16,36;15,23;14,37;14,02;;;;14,56;15,07;15,18;14,49;14,66;15,72;16,39;16,40;14,61;13,95;14,03;;;;13,95;15,18;15,03;13,95;14,70;15,73;16,43;16,46;14,91;13,82;14,03;;;;
0800000;"LUBUSKIE";13,12;13,22;14,40;14,58;14,47;13,08;14,47;15,08;14,55;13,87;13,98;;;;12,11;13,29;13,96;13,86;13,80;12,86;14,57;14,48;14,44;14,03;13,43;;;;12,04;12,97;13,90;14,51;13,63;13,00;14,48;14,33;13,42;14,06;13,15;;;;12,25;13,19;13,84;15,12;13,80;12,35;14,32;14,19;13,49;14,06;14,09;;;;12,11;12,60;14,23;14,99;13,32;13,60;14,50;14,30;14,21;13,73;13,70;;;;12,04;12,67;14,88;15,13;13,40;13,37;14,54;14,62;14,15;12,98;13,90;;;;12,38;13,90;14,40;15,32;13,34;13,34;14,66;15,46;14,41;13,76;14,36;;;;13,51;13,93;14,62;15,34;13,76;13,65;14,29;15,41;14,47;13,81;14,36;;;;14,03;14,17;14,57;15,22;14,23;13,35;15,09;15,77;14,14;14,15;13,74;;;;13,57;14,45;14,52;15,23;13,59;13,88;15,20;14,80;14,14;14,15;13,93;;;;13,21;13,76;13,57;14,96;13,91;14,07;16,03;14,80;14,37;13,97;13,93;;;;13,22;13,87;14,16;14,54;12,97;15,00;15,40;14,44;13,87;13,97;14,59;;;;
1000000;"ŁÓDZKIE";12,51;13,03;13,98;15,32;14,81;14,16;15,64;16,09;15,77;13,99;13,67;;;;11,95;12,72;13,92;15,20;14,27;13,93;15,54;15,72;14,97;13,74;13,53;;;;11,79;12,82;13,72;15,32;14,10;14,14;15,49;15,66;14,48;13,91;13,55;;;;12,01;12,74;13,83;15,44;13,91;14,66;15,51;15,73;14,82;13,98;13,66;;;;12,26;12,79;13,86;15,62;13,90;14,81;15,54;15,31;14,97;13,64;13,64;;;;11,93;12,65;14,67;15,70;14,34;14,86;15,68;15,32;15,06;13,53;13,95;;;;12,92;13,60;14,75;16,01;14,48;14,80;15,86;15,72;15,20;13,51;14,25;;;;13,46;13,64;15,09;15,65;14,35;15,00;15,90;15,74;15,04;13,75;14,38;;;;13,35;13,98;15,16;15,72;14,43;15,15;16,17;16,21;14,96;13,73;14,55;;;;13,54;14,03;14,94;15,29;14,54;14,94;16,38;16,07;14,48;13,77;14,65;;;;13,18;13,70;14,70;15,04;14,46;15,38;16,30;15,79;14,52;13,68;14,79;;;;13,04;13,73;14,85;14,97;14,29;15,43;16,09;15,98;14,22;13,59;14,77;;;;
1200000;"MAŁOPOLSKIE";12,87;13,27;13,84;14,49;14,41;13,85;15,67;15,99;15,44;13,80;13,65;;;;12,53;12,86;13,07;14,66;13,13;13,43;15,44;15,49;15,15;13,72;13,66;;;;12,12;12,87;13,48;14,74;13,29;13,41;15,18;15,40;14,43;13,56;13,30;;;;12,52;12,91;13,55;15,67;13,04;14,11;15,27;15,31;14,68;13,44;13,27;;;;12,51;13,05;13,91;15,63;12,65;14,25;15,38;14,76;14,54;13,60;13,64;;;;12,54;13,14;14,70;15,55;13,63;14,38;15,67;14,90;14,78;13,44;14,22;;;;13,29;13,86;14,64;15,89;13,75;15,04;15,97;14,94;14,95;13,23;14,29;;;;14,02;14,37;14,48;15,85;13,94;14,69;15,70;15,27;15,01;13,54;14,30;;;;14,45;14,57;14,66;15,73;13,66;14,84;16,21;15,86;14,68;13,91;14,61;;;;14,27;14,25;14,73;15,09;13,52;14,58;16,20;15,74;14,04;13,76;14,74;;;;13,50;13,26;14,50;14,90;13,13;14,77;16,05;15,63;14,37;13,58;14,06;;;;13,22;13,29;14,73;14,58;13,50;15,23;16,12;15,74;14,10;13,71;14,64;;;;
1400000;"MAZOWIECKIE";13,51;13,63;14,49;15,61;14,69;14,05;15,42;16,02;15,94;14,94;14,63;;;;13,33;13,31;14,16;15,39;13,87;13,71;15,74;15,24;15,39;14,55;14,82;;;;13,09;13,05;14,30;15,35;13,72;14,17;15,19;15,60;15,06;14,47;14,70;;;;13,23;12,86;14,36;15,67;13,95;14,72;15,42;15,56;15,92;14,58;14,37;;;;13,15;13,06;14,61;15,99;13,83;14,86;15,06;15,50;16,04;14,64;14,35;;;;13,03;13,00;15,16;16,10;14,05;14,68;15,74;15,77;16,11;14,46;14,80;;;;13,29;14,29;15,22;16,28;14,23;14,85;15,35;16,02;16,27;14,85;15,24;;;;13,46;14,49;15,58;16,22;13,82;15,04;15,61;16,11;16,00;14,94;15,53;;;;14,27;14,47;15,49;16,04;14,12;14,84;15,97;16,50;15,51;15,09;15,44;;;;13,92;14,46;15,45;15,61;14,08;15,13;16,42;16,19;15,10;15,03;15,49;;;;13,95;14,09;15,00;14,85;13,78;15,12;16,09;16,18;15,29;15,21;15,21;;;;13,63;14,11;15,10;14,89;13,88;15,45;16,16;16,19;14,93;14,79;15,62;;;;
1600000;"OPOLSKIE";12,44;12,64;14,24;14,71;12,80;13,38;15,38;15,42;14,57;13,34;12,80;;;;12,19;12,18;13,17;14,03;12,30;12,48;15,06;14,58;14,30;13,27;12,80;;;;12,06;12,26;13,25;14,48;12,04;12,70;14,64;14,46;13,78;13,19;12,98;;;;11,96;12,28;13,86;15,07;12,19;13,28;14,68;14,66;14,06;13,18;12,86;;;;11,93;12,12;14,01;15,35;12,06;13,67;14,71;14,58;14,27;12,96;12,86;;;;12,18;12,35;14,97;15,07;12,78;13,48;15,31;14,70;14,27;12,61;12,94;;;;13,13;13,80;14,68;15,41;13,05;13,84;15,00;14,84;14,36;13,00;13,36;;;;13,92;14,46;14,74;15,45;13,56;14,01;15,17;15,03;14,44;13,00;13,70;;;;14,75;14,51;14,93;15,50;13,36;14,07;15,54;15,14;14,40;12,98;13,86;;;;14,17;14,14;14,83;14,52;12,99;14,49;15,78;14,78;13,94;13,11;13,84;;;;13,58;13,28;14,22;13,85;12,85;14,64;15,58;14,78;14,01;13,08;13,71;;;;12,56;13,52;13,98;13,09;12,74;14,81;15,58;14,70;13,41;12,63;14,09;;;;
1800000;"PODKARPACKIE";14,54;13,85;14,12;15,01;14,82;14,62;16,94;15,24;15,93;14,90;14,05;;;;13,90;13,23;13,56;15,04;13,89;14,54;16,91;15,58;15,73;14,13;13,96;;;;13,88;13,53;13,90;15,45;14,18;14,62;16,79;15,48;14,91;14,42;13,21;;;;14,00;13,43;14,32;15,70;13,94;14,69;16,78;15,63;14,66;14,21;13,52;;;;13,61;13,56;14,29;15,58;13,96;15,32;16,68;15,55;14,92;14,15;13,56;;;;13,49;13,66;14,85;15,65;14,34;15,43;16,72;15,65;14,96;14,12;13,59;;;;13,93;14,31;14,84;15,82;14,53;15,48;16,51;15,53;14,94;13,84;13,49;;;;14,09;14,29;14,73;15,52;14,74;15,77;16,11;15,44;14,81;13,76;13,47;;;;14,87;14,75;15,14;15,52;14,85;16,20;16,58;15,98;14,66;13,75;13,69;;;;14,73;15,05;14,85;15,11;14,75;16,26;16,50;15,35;14,79;14,78;13,85;;;;14,42;14,43;14,99;14,49;14,21;16,43;16,34;15,83;14,51;14,51;14,40;;;;13,81;14,11;14,88;14,54;14,29;16,79;16,23;15,73;14,90;14,23;14,22;;;;
2000000;"PODLASKIE";13,45;13,69;13,99;15,08;15,27;13,95;15,80;16,42;15,62;14,44;13,86;;;;13,45;13,71;13,92;14,97;14,84;14,00;15,64;16,27;15,59;14,03;14,02;;;;12,80;13,24;14,05;15,59;14,29;14,20;15,47;15,47;14,60;13,70;14,02;;;;12,99;13,01;14,06;15,90;13,86;14,08;15,53;15,80;14,43;14,13;13,34;;;;12,82;13,11;14,20;16,29;13,62;14,53;15,59;15,46;15,25;14,36;13,62;;;;12,71;13,28;14,59;16,61;14,77;14,64;15,89;15,38;15,66;14,23;13,18;;;;12,89;14,07;14,80;16,54;14,97;14,63;16,26;15,28;15,48;14,08;13,93;;;;13,35;14,23;14,85;16,59;15,02;14,62;16,12;15,64;15,25;14,50;14,11;;;;14,26;14,46;15,10;16,38;14,23;14,67;16,11;16,46;14,82;14,39;14,37;;;;14,01;14,40;15,04;16,15;13,76;14,95;15,85;15,90;14,53;14,67;14,42;;;;13,89;13,97;15,00;15,76;13,73;14,96;16,14;15,84;14,05;14,25;13,79;;;;13,69;13,91;15,09;15,55;13,83;15,36;16,37;15,87;13,69;14,26;14,41;;;;
2200000;"POMORSKIE";13,37;13,21;15,01;15,69;15,16;14,85;15,35;16,29;15,89;14,60;13,88;;;;13,06;12,94;14,36;15,39;14,80;13,28;15,80;15,45;15,73;14,52;13,92;;;;12,88;12,79;14,24;15,02;14,72;13,46;15,28;15,62;15,63;14,58;14,11;;;;12,97;13,04;13,82;15,78;14,51;13,79;15,45;15,51;15,61;14,61;14,40;;;;12,95;12,91;14,81;15,95;14,10;14,37;15,33;15,62;15,30;14,80;14,50;;;;12,90;12,89;15,70;15,79;14,59;14,04;15,54;15,40;15,02;14,73;14,65;;;;13,50;14,18;15,68;16,04;14,50;14,63;15,62;15,90;15,30;14,54;14,93;;;;14,05;14,32;16,03;15,84;14,82;15,04;15,81;16,06;15,13;14,38;15,19;;;;14,52;14,77;16,00;16,13;14,99;14,80;16,28;16,29;15,12;14,40;15,37;;;;14,52;14,56;15,36;15,26;14,59;15,16;16,38;16,19;15,03;14,70;15,52;;;;13,83;14,33;15,40;14,85;13,68;15,19;16,21;16,06;14,96;14,64;15,57;;;;13,15;14,49;15,31;15,01;14,07;15,99;16,32;16,02;14,67;14,46;15,69;;;;
2400000;"ŚLĄSKIE";12,87;13,33;13,92;14,60;14,26;13,86;15,70;16,04;14,45;13,59;12,92;;;;12,61;12,95;14,03;14,92;13,98;13,49;15,38;14,79;13,64;12,85;12,55;;;;12,02;12,63;14,19;15,36;13,65;13,43;14,99;14,40;13,82;13,03;12,28;;;;12,13;12,81;13,92;15,43;13,81;14,37;15,09;14,49;14,44;13,19;12,26;;;;12,55;12,91;14,34;15,47;13,53;14,49;14,99;14,89;14,39;12,71;12,21;;;;12,38;12,85;14,49;15,19;14,15;14,29;15,55;14,58;14,52;12,79;12,64;;;;13,14;13,90;14,78;15,65;13,93;14,29;15,74;15,26;14,90;12,68;13,22;;;;13,96;14,01;14,56;15,83;14,43;14,23;15,63;15,44;14,50;12,71;13,48;;;;14,55;14,67;14,71;15,71;13,98;14,39;16,21;16,12;14,20;12,66;13,51;;;;14,06;14,31;14,26;15,10;13,79;14,60;16,08;15,30;13,90;13,05;13,71;;;;13,57;14,18;14,49;14,18;13,75;14,66;15,81;14,68;13,53;12,89;13,51;;;;13,25;13,45;14,19;14,19;13,66;15,36;16,01;14,36;13,44;12,61;13,60;;;;
2600000;"ŚWIĘTOKRZYSKIE";12,82;12,61;13,99;14,81;13,92;14,65;16,30;16,10;16,72;14,63;14,25;;;;12,11;12,28;13,76;14,03;14,22;14,08;15,78;15,65;15,27;14,72;14,48;;;;11,71;12,49;14,04;14,41;13,92;14,18;16,21;15,50;15,18;15,03;14,32;;;;11,90;12,67;13,07;15,43;12,82;14,62;16,11;15,55;14,93;15,43;14,48;;;;12,07;12,61;14,26;15,27;13,58;14,92;15,65;15,33;15,53;15,13;14,48;;;;11,82;12,95;14,56;15,56;14,25;14,93;15,91;15,43;15,53;15,23;14,82;;;;12,76;14,38;14,56;15,90;14,73;15,03;15,53;15,80;15,67;15,23;15,13;;;;13,49;14,19;15,07;15,80;14,63;15,18;15,80;15,87;15,67;14,82;15,37;;;;14,08;14,69;15,20;15,71;14,57;15,30;16,18;16,58;15,53;14,90;15,57;;;;14,28;14,14;14,63;15,58;14,50;15,63;16,23;16,38;15,83;15,05;15,40;;;;13,78;13,31;14,07;14,56;14,67;15,62;16,20;16,38;15,68;15,05;15,40;;;;13,31;12,96;13,91;14,27;14,30;15,87;15,78;16,72;14,90;15,07;15,50;;;;
2800000;"WARMIŃSKO-MAZURSKIE";12,87;13,60;14,11;15,31;14,21;14,35;15,61;16,07;15,26;14,57;14,05;;;;12,91;13,19;13,95;15,22;13,42;13,87;15,79;15,61;15,37;14,12;13,76;;;;12,96;13,16;13,91;15,98;12,91;13,23;15,78;14,72;15,15;13,97;13,58;;;;12,56;13,34;14,03;16,19;13,48;13,61;15,88;14,71;15,26;13,49;13,78;;;;12,56;12,99;14,37;16,03;13,61;14,67;15,68;14,74;15,02;13,49;13,69;;;;12,53;13,60;15,19;16,25;14,26;14,19;16,48;14,41;14,74;13,55;13,73;;;;13,32;14,44;15,64;16,55;14,35;15,22;16,59;15,13;15,82;13,74;14,57;;;;14,49;14,68;15,89;16,28;14,50;14,87;15,98;14,99;14,93;13,43;14,94;;;;14,87;14,78;15,63;16,17;14,50;15,45;16,75;15,79;15,03;13,99;14,44;;;;14,18;14,67;15,83;14,96;14,13;15,68;16,41;16,10;14,52;13,83;15,08;;;;13,70;13,88;15,07;14,60;13,91;15,37;16,46;15,22;14,45;13,82;15,08;;;;13,59;14,20;15,07;13,65;14,24;14,86;16,07;15,20;14,27;13,82;14,73;;;;
3000000;"WIELKOPOLSKIE";12,32;12,31;13,84;14,49;13,16;13,13;14,98;15,50;14,86;13,61;12,70;;;;11,96;11,80;12,83;14,15;12,81;12,77;14,86;14,89;14,04;13,08;12,73;;;;11,50;11,79;13,27;14,74;12,58;12,98;14,66;15,05;13,81;13,39;12,32;;;;11,80;12,01;13,36;14,98;12,32;13,33;14,59;15,09;14,10;13,48;12,68;;;;12,08;12,04;13,66;15,16;12,44;13,84;14,76;14,84;14,84;13,33;12,57;;;;11,87;12,09;14,55;15,17;13,09;13,75;15,13;14,93;14,69;13,38;13,30;;;;12,29;13,42;14,30;15,61;13,25;14,05;15,00;15,35;14,54;13,16;13,91;;;;13,56;13,75;14,67;15,31;13,39;14,11;15,36;15,30;14,80;13,14;13,95;;;;14,03;13,88;14,81;14,98;13,39;14,21;15,66;15,51;14,71;13,41;13,93;;;;13,62;13,89;14,74;14,25;13,22;14,59;15,56;15,16;14,14;13,29;13,79;;;;13,22;13,48;14,57;13,90;12,99;14,68;15,36;15,04;13,80;12,81;13,36;;;;12,72;13,04;14,18;13,22;12,87;14,76;15,46;14,92;13,72;12,64;13,84;;;;
3200000;"ZACHODNIOPOMORSKIE";12,41;12,67;13,60;14,38;13,78;13,18;14,75;15,09;14,85;14,50;13,68;;;;12,07;12,45;13,07;14,11;13,56;13,28;14,39;14,48;14,30;13,96;13,50;;;;11,73;12,37;13,00;14,89;13,29;13,06;14,43;14,37;13,83;13,99;13,29;;;;11,97;12,44;13,45;15,60;13,09;13,59;14,72;14,74;14,17;14,18;13,20;;;;11,81;12,33;13,77;15,44;13,16;13,84;14,67;14,63;14,59;13,70;13,66;;;;12,12;12,57;14,39;15,42;13,43;13,89;15,03;14,71;14,67;13,41;13,85;;;;12,68;13,26;14,22;15,56;13,65;13,75;14,99;14,90;14,90;13,76;14,08;;;;13,47;13,73;14,39;15,63;13,66;13,87;15,10;15,43;14,86;13,88;14,19;;;;14,18;13,98;14,48;15,39;13,22;13,93;15,43;15,62;15,22;13,96;14,17;;;;13,94;13,73;14,44;14,72;13,31;13,81;15,47;15,33;14,58;13,91;14,28;;;;13,31;13,30;14,01;14,42;12,99;14,06;15,72;15,02;14,65;13,95;14,12;;;;12,89;13,20;14,25;13,89;12,96;14,49;15,66;14,84;14,38;13,52;14,29;;;;
